SNP,Target Allele,Chromosome,Risk
rs10462021,A,1,None
rs10789322,G,1,None
rs1149048,G,1,None
rs11688,C,1,None
rs11810249,C,1,None
rs12047808,A,1,None
rs12067906,T,1,None
rs12068264,C,1,None
rs12124649,A,1,None
rs1324214,G,1,None
rs1411478,G,1,None
rs17036023,A,1,None
rs17856511,C,1,None
rs1856161,C,1,None
rs1891498,G,1,None
rs198388,T,1,None
rs2131925,G,1,None
rs2136093,T,1,None
rs2269650,G,1,None
rs2275247,C,1,None
rs2284664,T,1,None
rs2473307,T,1,None
rs268786,A,1,None
rs2812385,G,1,None
rs2820037,T,1,None
rs284875,G,1,None
rs301799,T,1,None
rs34967813,A,1,None
rs6672484,T,1,None
rs7552393,G,1,None
rs10188577,T,2,None
rs10495669,C,2,None
rs10865035,G,2,None
rs11466285,A,2,None
rs11684202,A,2,None
rs11886999,C,2,None
rs12475512,A,2,None
rs13031237,G,2,None
rs13411858,T,2,None
rs1346311,G,2,None
rs1550404,T,2,None
rs1876518,C,2,None
rs2011425,T,2,None
rs2114591,G,2,None
rs2271893,G,2,None
rs2293572,C,2,None
rs2551645,T,2,None
rs4672457,G,2,None
rs4674344,T,2,None
rs6723097,A,2,None
rs6726450,G,2,None
rs6728440,A,2,None
rs673548,G,2,None
rs6739130,G,2,None
rs6750634,A,2,None
rs7570532,G,2,None
rs7590720,A,2,None
rs8176592,A,2,None
rs848512,A,2,None
rs934197,G,2,None
rs10490775,C,3,None
rs1054190,C,3,None
rs12053868,A,3,None
rs12636547,G,3,None
rs13323323,G,3,None
rs166508,C,3,None
rs2120243,C,3,None
rs2251177,T,3,None
rs3181077,T,3,None
rs3914188,G,3,None
rs3922844,T,3,None
rs40593,A,3,None
rs4396880,G,3,None
rs4557202,G,3,None
rs4680719,A,3,None
rs559356,T,3,None
rs59374417,A,3,None
rs6771023,T,3,None
rs7620503,T,3,None
rs7628626,C,3,None
rs7650621,A,3,None
rs7651265,A,3,None
rs80059929,T,3,None
rs822395,C,3,None
rs9290877,T,3,None
rs9310709,C,3,None
rs958144,C,3,None
rs9834373,G,3,None
rs9866825,A,3,None
rs9883878,T,3,None
rs10009145,G,4,None
rs1025154,T,4,None
rs11100904,C,4,None
rs1229984,C,4,None
rs12507634,A,4,None
rs12513380,G,4,None
rs13146355,G,4,None
rs1395479,C,4,None
rs1912826,G,4,None
rs2008242,C,4,None
rs230525,A,4,None
rs2531154,T,4,None
rs3737482,T,4,None
rs4220,A,4,None
rs4690073,A,4,None
rs4693646,A,4,None
rs6449157,A,4,None
rs6449174,C,4,None
rs6532271,C,4,None
rs6822976,G,4,None
rs7664751,A,4,None
rs7667298,T,4,None
rs7676384,C,4,None
rs7694379,G,4,None
rs8180167,A,4,None
rs873785,T,4,None
rs9307160,T,4,None
rs9307551,A,4,None
rs950063,T,4,None
rs9790517,C,4,None
rs10520873,T,5,None
rs11741640,G,5,None
rs11950646,G,5,None
rs12109285,T,5,None
rs12522161,T,5,None
rs13178362,T,5,None
rs1445898,C,5,None
rs166040,G,5,None
rs16891982,C,5,None
rs17421627,T,5,None
rs2011077,C,5,None
rs2255280,A,5,None
rs245178,T,5,None
rs2569191,T,5,None
rs2736108,C,5,None
rs275437,T,5,None
rs2910464,C,5,None
rs347344,C,5,None
rs350099,T,5,None
rs3776082,G,5,None
rs3822625,A,5,None
rs3846635,A,5,None
rs40401,T,5,None
rs4958351,G,5,None
rs6555259,A,5,None
rs6596140,C,5,None
rs6596428,T,5,None
rs6863015,C,5,None
rs9325104,G,5,None
rs969088,G,5,None
rs10456544,T,6,None
rs10485165,C,6,None
rs104893997,C,6,None
rs111301312,T,6,None
rs1130947,T,6,None
rs116488202,C,6,None
rs1180243,T,6,None
rs16892673,A,6,None
rs17066096,A,6,None
rs2224003,C,6,None
rs2651206,C,6,None
rs3117103,A,6,None
rs3117225,A,6,None
rs3129878,C,6,None
rs3176352,G,6,None
rs35229355,C,6,None
rs3765310,C,6,None
rs4151657,T,6,None
rs458017,T,6,None
rs4947019,C,6,None
rs512077,G,6,None
rs7757884,A,6,None
rs7772603,T,6,None
rs805303,G,6,None
rs9275319,A,6,None
rs928815,G,6,None
rs9320598,A,6,None
rs9375813,C,6,None
rs9479055,C,6,None
rs9496398,T,6,None
rs10244051,T,7,None
rs10247962,A,7,None
rs10429035,A,7,None
rs1105255,C,7,None
rs1106684,C,7,None
rs12056091,G,7,None
rs12534701,G,7,None
rs13230047,C,7,None
rs1406503,G,7,None
rs1525739,C,7,None
rs1527769,C,7,None
rs17145738,C,7,None
rs2069442,G,7,None
rs2106595,G,7,None
rs2228946,C,7,None
rs2235015,C,7,None
rs2235040,C,7,None
rs2299472,C,7,None
rs2402118,C,7,None
rs2715147,T,7,None
rs4730273,C,7,None
rs6465825,T,7,None
rs6954345,G,7,None
rs6954895,T,7,None
rs6962966,G,7,None
rs727162,C,7,None
rs740949,A,7,None
rs7780883,G,7,None
rs9640883,G,7,None
rs9986786,C,7,None
rs10106540,A,8,None
rs10107366,T,8,None
rs10109414,C,8,None
rs1015213,C,8,None
rs1048101,G,8,None
rs10503733,G,8,None
rs10505477,A,8,None
rs10957961,G,8,None
rs11780915,G,8,None
rs11987758,G,8,None
rs13256369,C,8,None
rs1346044,T,8,None
rs1516971,C,8,None
rs17126232,C,8,None
rs1721082,A,8,None
rs1800971,T,8,None
rs2019960,T,8,None
rs2442607,C,8,None
rs264,G,8,None
rs2954041,G,8,None
rs2979481,C,8,None
rs352203,T,8,None
rs3735972,T,8,None
rs4738824,G,8,None
rs4871750,G,8,None
rs62526245,A,8,None
rs6474412,C,8,None
rs6559140,A,8,None
rs7832529,C,8,None
rs8192870,G,8,None
rs10756650,G,9,None
rs10757257,G,9,None
rs10761129,T,9,None
rs10969375,T,9,None
rs10974620,G,9,None
rs10975200,A,9,None
rs10982396,C,9,None
rs10985070,C,9,None
rs12351590,A,9,None
rs1330692,T,9,None
rs1538660,G,9,None
rs1982151,G,9,None
rs2157719,C,9,None
rs2491397,C,9,None
rs2777777,T,9,None
rs2797512,T,9,None
rs3132297,G,9,None
rs3181366,G,9,None
rs343480,A,9,None
rs343496,A,9,None
rs3731257,G,9,None
rs4149338,A,9,None
rs4744411,G,9,None
rs55768522,G,9,None
rs560764,G,9,None
rs7027930,T,9,None
rs7044150,C,9,None
rs8190560,C,9,None
rs908832,G,9,None
rs912062,A,9,None
rs10458787,C,10,None
rs10857636,C,10,None
rs10882283,C,10,None
rs10905651,A,10,None
rs11016883,G,10,None
rs112125027,A,10,None
rs11255291,C,10,None
rs12769205,A,10,None
rs1391511,A,10,None
rs17115149,G,10,None
rs17134592,C,10,None
rs1799853,C,10,None
rs1864414,G,10,None
rs1871345,T,10,None
rs1926203,A,10,None
rs1937970,G,10,None
rs2296135,C,10,None
rs2505535,G,10,None
rs2506030,A,10,None
rs2574975,T,10,None
rs2802369,G,10,None
rs2999399,T,10,None
rs3125734,T,10,None
rs3802656,G,10,None
rs4553261,A,10,None
rs4752307,A,10,None
rs6585194,C,10,None
rs7069733,C,10,None
rs7917983,C,10,None
rs7922449,T,10,None
rs1051992,A,11,None
rs1076562,G,11,None
rs10769945,C,11,None
rs10893585,G,11,None
rs10894604,G,11,None
rs113652043,C,11,None
rs117619140,G,11,None
rs12291063,T,11,None
rs12797615,T,11,None
rs12799172,C,11,None
rs1352075,C,11,None
rs2084898,G,11,None
rs2735733,C,11,None
rs3741204,T,11,None
rs3802954,T,11,None
rs4598682,A,11,None
rs4648317,G,11,None
rs481843,T,11,None
rs514644,T,11,None
rs638893,G,11,None
rs644242,C,11,None
rs6590474,C,11,None
rs659366,C,11,None
rs662702,C,11,None
rs662799,A,11,None
rs694539,C,11,None
rs7121446,A,11,None
rs7936562,C,11,None
rs7939886,G,11,None
rs7944926,G,11,None
rs1051375,G,12,None
rs10774625,G,12,None
rs10876920,T,12,None
rs11048585,T,12,None
rs11171846,C,12,None
rs11574079,C,12,None
rs1163662,A,12,None
rs1182844,A,12,None
rs12809597,T,12,None
rs161976,A,12,None
rs16930692,A,12,None
rs1718119,A,12,None
rs1800693,T,12,None
rs1880030,G,12,None
rs2239144,A,12,None
rs2393791,C,12,None
rs273777,A,12,None
rs2887571,G,12,None
rs3765108,T,12,None
rs4760790,G,12,None
rs4760854,A,12,None
rs4883543,C,12,None
rs522958,A,12,None
rs601663,G,12,None
rs6580742,C,12,None
rs7305115,G,12,None
rs7311174,T,12,None
rs78347057,G,12,None
rs7973719,C,12,None
rs983492,T,12,None
rs1045411,C,13,None
rs11617740,G,13,None
rs12584067,C,13,None
rs1340319,C,13,None
rs1341402,T,13,None
rs1590305,C,13,None
rs1755685,C,13,None
rs1801426,A,13,None
rs1923834,T,13,None
rs2052383,T,13,None
rs2220327,C,13,None
rs2324851,A,13,None
rs2582869,A,13,None
rs3765526,A,13,None
rs3818356,G,13,None
rs494558,T,13,None
rs582504,T,13,None
rs650439,A,13,None
rs7329174,A,13,None
rs735539,A,13,None
rs795659,T,13,None
rs9315632,T,13,None
rs9523848,T,13,None
rs9526569,T,13,None
rs9531520,C,13,None
rs9533425,G,13,None
rs9534578,C,13,None
rs9540488,C,13,None
rs9558571,C,13,None
rs9594759,C,13,None
rs10140457,A,14,None
rs10220309,C,14,None
rs10498635,C,14,None
rs11624704,A,14,None
rs11627056,G,14,None
rs11845208,G,14,None
rs11845632,A,14,None
rs12434438,G,14,None
rs12435920,A,14,None
rs1265879,G,14,None
rs17111394,T,14,None
rs1713449,T,14,None
rs1741439,C,14,None
rs194749,C,14,None
rs1956388,A,14,None
rs2236316,G,14,None
rs225848,A,14,None
rs229811,G,14,None
rs2301113,C,14,None
rs2681735,A,14,None
rs2761884,G,14,None
rs3020449,G,14,None
rs3748316,G,14,None
rs7143164,G,14,None
rs7144649,G,14,None
rs7147705,T,14,None
rs8004664,G,14,None
rs8005161,C,14,None
rs8008319,A,14,None
rs8017455,T,14,None
rs1017412,A,15,None
rs117160567,A,15,None
rs16949516,T,15,None
rs16973487,T,15,None
rs1800414,T,15,None
rs1823874,C,15,None
rs2069521,A,15,None
rs2127015,C,15,None
rs2169830,C,15,None
rs2412546,G,15,None
rs2453533,A,15,None
rs2562784,A,15,None
rs25651,T,15,None
rs2636061,A,15,None
rs3087454,C,15,None
rs36035742,C,15,None
rs4265781,A,15,None
rs4304977,A,15,None
rs4774518,T,15,None
rs4775602,A,15,None
rs4924410,C,15,None
rs6495785,A,15,None
rs7179432,T,15,None
rs749292,A,15,None
rs782917,G,15,None
rs8028366,T,15,None
rs8179184,C,15,None
rs8192482,C,15,None
rs884202,G,15,None
rs933769,T,15,None
rs10445033,A,16,None
rs1049255,C,16,None
rs1053874,A,16,None
rs11074932,C,16,None
rs11075995,T,16,None
rs1299926,A,16,None
rs13306296,G,16,None
rs13331086,G,16,None
rs13332653,T,16,None
rs1394678,T,16,None
rs1420318,A,16,None
rs1421084,G,16,None
rs16260,C,16,None
rs16971384,G,16,None
rs17513769,T,16,None
rs2001970,T,16,None
rs2228478,A,16,None
rs243842,T,16,None
rs246219,A,16,None
rs33935154,G,16,None
rs4782151,C,16,None
rs4787008,G,16,None
rs4788084,C,16,None
rs6498169,G,16,None
rs7193144,C,16,None
rs7206912,G,16,None
rs8050187,C,16,None
rs92397,G,16,None
rs987052,T,16,None
rs9923451,A,16,None
rs1024610,A,17,None
rs1052536,C,17,None
rs1056534,G,17,None
rs11078634,T,17,None
rs11650680,C,17,None
rs1295925,T,17,None
rs16945628,T,17,None
rs180133,A,17,None
rs1889018,G,17,None
rs1979276,A,17,None
rs2054847,G,17,None
rs2290400,C,17,None
rs2740349,T,17,None
rs2740351,G,17,None
rs3027172,A,17,None
rs3192453,C,17,None
rs3764383,T,17,None
rs4605213,C,17,None
rs4790904,T,17,None
rs4792938,C,17,None
rs4794665,A,17,None
rs59403466,T,17,None
rs6504218,G,17,None
rs6504663,G,17,None
rs6919,A,17,None
rs712270,A,17,None
rs7211777,G,17,None
rs7215373,C,17,None
rs799917,A,17,None
rs8070231,G,17,None
rs11663697,G,18,None
rs11873284,G,18,None
rs12456021,G,18,None
rs12456774,G,18,None
rs1344011,C,18,None
rs17086172,T,18,None
rs17088439,T,18,None
rs17594526,C,18,None
rs1789139,A,18,None
rs1792658,A,18,None
rs1840440,T,18,None
rs1978503,G,18,None
rs2298574,A,18,None
rs2576037,T,18,None
rs264272,G,18,None
rs4131805,T,18,None
rs4369779,C,18,None
rs4801131,C,18,None
rs4987853,C,18,None
rs549476,A,18,None
rs608781,T,18,None
rs6567160,T,18,None
rs674210,T,18,None
rs7236090,T,18,None
rs723744,G,18,None
rs8083786,G,18,None
rs8088832,T,18,None
rs8093763,G,18,None
rs9960767,A,18,None
rs9966765,G,18,None
rs10415949,G,19,None
rs10419538,C,19,None
rs10420321,A,19,None
rs1058587,C,19,None
rs1077667,C,19,None
rs11668505,G,19,None
rs1172822,C,19,None
rs11880923,C,19,None
rs12150889,G,19,None
rs12608932,A,19,None
rs12609479,A,19,None
rs12978500,C,19,None
rs12979860,T,19,None
rs12980602,C,19,None
rs17692896,G,19,None
rs1800470,G,19,None
rs2301600,C,19,None
rs2604894,A,19,None
rs3093200,G,19,None
rs351974,C,19,None
rs3745516,G,19,None
rs3764650,T,19,None
rs3810287,G,19,None
rs3826656,A,19,None
rs393548,C,19,None
rs7248637,A,19,None
rs7257932,A,19,None
rs775840,T,19,None
rs8100891,C,19,None
rs8192719,C,19,None
rs1074683,C,20,None
rs116896199,A,20,None
rs11699311,C,20,None
rs13037749,A,20,None
rs17857295,C,20,None
rs1885120,G,20,None
rs2179706,T,20,None
rs2236164,C,20,None
rs2236196,G,20,None
rs2282018,C,20,None
rs3176123,T,20,None
rs3213180,G,20,None
rs34043203,G,20,None
rs3746544,T,20,None
rs4809847,G,20,None
rs4811528,A,20,None
rs4812712,A,20,None
rs5602,G,20,None
rs6066835,C,20,None
rs6084875,A,20,None
rs6102085,A,20,None
rs6118083,A,20,None
rs6124684,C,20,None
rs6127984,A,20,None
rs6136489,G,20,None
rs61734651,C,20,None
rs755662,T,20,None
rs819171,C,20,None
rs926391,G,20,None
rs967417,G,20,None
rs1041740,C,21,None
rs1051169,C,21,None
rs12140,T,21,None
rs1556314,G,21,None
rs1785467,G,21,None
rs2010795,G,21,None
rs2014300,A,21,None
rs2070788,G,21,None
rs219778,A,21,None
rs2230528,C,21,None
rs2284552,G,21,None
rs234709,T,21,None
rs2823286,A,21,None
rs2823743,T,21,None
rs2823779,G,21,None
rs2824499,C,21,None
rs2833556,A,21,None
rs2835931,C,21,None
rs2837241,T,21,None
rs2839627,C,21,None
rs34758144,G,21,None
rs457352,C,21,None
rs467691,G,21,None
rs4819388,C,21,None
rs580140,A,21,None
rs726002,G,21,None
rs7499,G,21,None
rs8134378,G,21,None
rs878081,C,21,None
rs9974610,A,21,None
rs1001021,G,22,None
rs10433310,A,22,None
rs10453441,A,22,None
rs11089328,G,22,None
rs11704416,G,22,None
rs131794,A,22,None
rs132985,T,22,None
rs16982515,C,22,None
rs17001868,A,22,None
rs175162,G,22,None
rs2032487,C,22,None
rs2236625,C,22,None
rs2239815,C,22,None
rs2284033,G,22,None
rs2284038,A,22,None
rs28372448,A,22,None
rs2857461,T,22,None
rs3091367,C,22,None
rs4035540,C,22,None
rs4633,C,22,None
rs4822492,C,22,None
rs5751901,T,22,None
rs5756931,T,22,None
rs5768709,G,22,None
rs6005807,C,22,None
rs60910145,T,22,None
rs7290117,C,22,None
rs734809,C,22,None
rs9615362,A,22,None
rs9619311,C,22,None
rs10800746,C,1,Non-HLA
rs12727642,A,1,Non-HLA
rs12734338,C,1,Non-HLA
rs1359062,G,1,Non-HLA
rs2068824,C,1,Non-HLA
rs4445406,T,1,Non-HLA
rs72657048,G,1,Non-HLA
rs1018326,C,2,Non-HLA
rs13003464,G,2,Non-HLA
rs13010713,G,2,Non-HLA
rs917997,A,2,Non-HLA
rs990171,A,2,Non-HLA
rs13314993,C,3,Non-HLA
rs1464510,A,3,Non-HLA
rs17810546,G,3,Non-HLA
rs2030519,A,3,Non-HLA
rs2605393,G,3,Non-HLA
rs4678523,C,3,Non-HLA
rs61579022,A,3,Non-HLA
rs7616215,C,3,Non-HLA
rs1032355,C,4,Non-HLA
rs13128441,C,4,Non-HLA
rs13132308,A,4,Non-HLA
rs6822844,G,4,Non-HLA
rs10806425,A,6,Non-HLA
rs17264332,G,6,Non-HLA
rs182429,A,6,Non-HLA
rs2327832,G,6,Non-HLA
rs55743914,T,6,Non-HLA
rs7753008,C,6,Non-HLA
rs802734,G,6,Non-HLA
rs6974491,A,7,Non-HLA
rs10886159,C,10,Non-HLA
rs1250552,A,10,Non-HLA
rs11221332,A,11,Non-HLA
rs4930144,A,11,Non-HLA
rs61907765,T,11,Non-HLA
rs3184504,C,12,Non-HLA
rs1958589,C,14,Non-HLA
rs195656,A,16,Non-HLA
rs17760268,C,17,Non-HLA
rs11875687,C,18,Non-HLA
rs1893217,G,18,Non-HLA
rs2664156,C,19,Non-HLA
rs157640,G,20,Non-HLA
rs58911644,A,21,Non-HLA
rs424232,C,6,HLA
rs4686484,G,3,Non-HLA