Name(s),name_link,name_extra,Type,Genomic location (strand),gene_links,Reported gene(s),gene_titles,Annotation source,Annotation source,Submitter,External reference,study_links,Supporting evidence,evidence_links
rs1018326,/Homo_sapiens/Variation/Phenotype?ph=769;v=rs1018326,,Variant,2:181143073-181143073+,"/Homo_sapiens/Gene/Summary?db=core;g=UBE2E3;ph=769/Homo_sapiens/Gene/Summary?db=core;g=ITGA4;ph=769","UBE2E3ITGA4","ubiquitin conjugating enzyme E2 E3 [Source:HGNC Symbol;Acc:HGNC:12479]integrin subunit alpha 4 [Source:HGNC Symbol;Acc:HGNC:6140]",https://www.ebi.ac.uk/gwas/search?query=rs1018326,NHGRI-EBI GWAS catalog,,"PMID:22057235","http://europepmc.org/abstract/MED/22057235",,
rs1032355,/Homo_sapiens/Variation/Phenotype?ph=769;v=rs1032355,,Variant,4:99618739-99618739+,"/Homo_sapiens/Gene/Summary?db=core;g=RG9MTD2;ph=769/Homo_sapiens/Gene/Summary?db=core;g=C4orf17;ph=769/Homo_sapiens/Gene/Summary?db=core;g=MTTP;ph=769","RG9MTD2C4orf17MTTP","tRNA methyltransferase 10A [Source:HGNC Symbol;Acc:HGNC:28403]chromosome 4 open reading frame 17 [Source:HGNC Symbol;Acc:HGNC:25274]mitochondrially encoded tRNA-Pro (CCN) [Source:HGNC Symbol;Acc:HGNC:7494]",https://www.ebi.ac.uk/gwas/search?query=rs1032355,NHGRI-EBI GWAS catalog,,"PMID:23936387","http://europepmc.org/abstract/MED/23936387",,
rs1033180,/Homo_sapiens/Variation/Phenotype?ph=769;v=rs1033180,,Variant,6:383546-383546+,"/Homo_sapiens/Gene/Summary?db=core;g=IRF4;ph=769","IRF4","interferon regulatory factor 4 [Source:HGNC Symbol;Acc:HGNC:6119]",https://www.ebi.ac.uk/gwas/search?query=rs1033180,NHGRI-EBI GWAS catalog,,"PMID:20190752","http://europepmc.org/abstract/MED/20190752",,
rs10439884,/Homo_sapiens/Variation/Phenotype?ph=769;v=rs10439884,,Variant,21:10540506-10540506+,"/Homo_sapiens/Gene/Summary?db=core;g=BAGE2;ph=769/Homo_sapiens/Gene/Summary?db=core;g=TPTE;ph=769","BAGE2TPTEBAGE","BAGE family member 2 [Source:HGNC Symbol;Acc:HGNC:15723]transmembrane phosphatase with tensin homology [Source:HGNC Symbol;Acc:HGNC:12023]",https://www.ebi.ac.uk/gwas/search?query=rs10439884,NHGRI-EBI GWAS catalog,,"PMID:23936387","http://europepmc.org/abstract/MED/23936387",,
rs1050976,/Homo_sapiens/Variation/Phenotype?ph=769;v=rs1050976,,Variant,6:408079-408079+,"/Homo_sapiens/Gene/Summary?db=core;g=IRF4;ph=769","IRF4","interferon regulatory factor 4 [Source:HGNC Symbol;Acc:HGNC:6119]",https://www.ebi.ac.uk/gwas/search?query=rs1050976,NHGRI-EBI GWAS catalog,,"PMID:22057235","http://europepmc.org/abstract/MED/22057235",,
rs10800746,/Homo_sapiens/Variation/Phenotype?ph=769;v=rs10800746,,Variant,1:200912264-200912264+,"/Homo_sapiens/Gene/Summary?db=core;g=C1orf106;ph=769","C1orf106","innate immunity activator [Source:HGNC Symbol;Acc:HGNC:25599]",https://www.ebi.ac.uk/gwas/search?query=rs10800746,NHGRI-EBI GWAS catalog,,"PMID:22057235","http://europepmc.org/abstract/MED/22057235",,
rs10806425,/Homo_sapiens/Variation/Phenotype?ph=769;v=rs10806425,,Variant,6:90216893-90216893+,"/Homo_sapiens/Gene/Summary?db=core;g=MAP3K7;ph=769/Homo_sapiens/Gene/Summary?db=core;g=BACH2;ph=769","MAP3K7BACH2","mitogen-activated protein kinase kinase kinase 7 [Source:HGNC Symbol;Acc:HGNC:6859]BTB domain and CNC homolog 2 [Source:HGNC Symbol;Acc:HGNC:14078]",https://www.ebi.ac.uk/gwas/search?query=rs10806425,NHGRI-EBI GWAS catalog,,"PMID:20190752","http://europepmc.org/abstract/MED/20190752",,
rs10886159,/Homo_sapiens/Variation/Phenotype?ph=769;v=rs10886159,,Variant,10:117854099-117854099+,"/Homo_sapiens/Gene/Summary?db=core;g=EMX2OS;ph=769/Homo_sapiens/Gene/Summary?db=core;g=RAB11FIP2;ph=769/Homo_sapiens/Gene/Summary?db=core;g=EMX2;ph=769","EMX2OSRAB11FIP2EMX2","EMX2 opposite strand/antisense RNA [Source:HGNC Symbol;Acc:HGNC:18511]RAB11 family interacting protein 2 [Source:HGNC Symbol;Acc:HGNC:29152]empty spiracles homeobox 2 [Source:HGNC Symbol;Acc:HGNC:3341]",https://www.ebi.ac.uk/gwas/search?query=rs10886159,NHGRI-EBI GWAS catalog,,"PMID:23936387","http://europepmc.org/abstract/MED/23936387",,
rs10892258,/Homo_sapiens/Variation/Phenotype?ph=769;v=rs10892258,,Variant,11:118709156-118709156+,"/Homo_sapiens/Gene/Summary?db=core;g=TREH;ph=769/Homo_sapiens/Gene/Summary?db=core;g=DDX6;ph=769","TREHDDX6","trehalase [Source:HGNC Symbol;Acc:HGNC:12266]DEAD-box helicase 6 [Source:HGNC Symbol;Acc:HGNC:2747]",https://www.ebi.ac.uk/gwas/search?query=rs10892258,NHGRI-EBI GWAS catalog,,"PMID:22057235","http://europepmc.org/abstract/MED/22057235",,
rs10903122,/Homo_sapiens/Variation/Phenotype?ph=769;v=rs10903122,,Variant,1:24977085-24977085+,"/Homo_sapiens/Gene/Summary?db=core;g=RUNX3;ph=769","RUNX3","runt related transcription factor 3 [Source:HGNC Symbol;Acc:HGNC:10473]",https://www.ebi.ac.uk/gwas/search?query=rs10903122,NHGRI-EBI GWAS catalog,,"PMID:20190752","http://europepmc.org/abstract/MED/20190752",,
rs10936599,/Homo_sapiens/Variation/Phenotype?ph=769;v=rs10936599,,Variant,3:169774313-169774313+,,,,https://www.ebi.ac.uk/gwas/search?query=rs10936599,NHGRI-EBI GWAS catalog,,"PMID:20190752","http://europepmc.org/abstract/MED/20190752",,
rs1107943,/Homo_sapiens/Variation/Phenotype?ph=769;v=rs1107943,,Variant,6:159077235-159077235+,"/Homo_sapiens/Gene/Summary?db=core;g=TAGAP;ph=769","TAGAP","T cell activation RhoGTPase activating protein [Source:HGNC Symbol;Acc:HGNC:15669]",https://www.ebi.ac.uk/gwas/search?query=rs1107943,NHGRI-EBI GWAS catalog,,"PMID:22057235","http://europepmc.org/abstract/MED/22057235",,
rs11221332,/Homo_sapiens/Variation/Phenotype?ph=769;v=rs11221332,,Variant,11:128511079-128511079+,"/Homo_sapiens/Gene/Summary?db=core;g=ETS1;ph=769","ETS1","ETS proto-oncogene 1, transcription factor [Source:HGNC Symbol;Acc:HGNC:3488]",https://www.ebi.ac.uk/gwas/search?query=rs11221332,NHGRI-EBI GWAS catalog,,"PMID:20190752","http://europepmc.org/abstract/MED/20190752",,
rs11712165,/Homo_sapiens/Variation/Phenotype?ph=769;v=rs11712165,,Variant,3:119399949-119399949+,"/Homo_sapiens/Gene/Summary?db=core;g=CD80;ph=769/Homo_sapiens/Gene/Summary?db=core;g=KTELC1;ph=769","CD80KTELC1","CD80 molecule [Source:HGNC Symbol;Acc:HGNC:1700]protein O-glucosyltransferase 1 [Source:HGNC Symbol;Acc:HGNC:22954]",https://www.ebi.ac.uk/gwas/search?query=rs11712165,NHGRI-EBI GWAS catalog,,"PMID:20190752","http://europepmc.org/abstract/MED/20190752",,
rs11851414,/Homo_sapiens/Variation/Phenotype?ph=769;v=rs11851414,,Variant,14:68792785-68792785+,"/Homo_sapiens/Gene/Summary?db=core;g=ZFP36L1;ph=769","ZFP36L1","ZFP36 ring finger protein like 1 [Source:HGNC Symbol;Acc:HGNC:1107]",https://www.ebi.ac.uk/gwas/search?query=rs11851414,NHGRI-EBI GWAS catalog,,"PMID:22057235","http://europepmc.org/abstract/MED/22057235",,
rs11875687,/Homo_sapiens/Variation/Phenotype?ph=769;v=rs11875687,,Variant,18:12843138-12843138+,"/Homo_sapiens/Gene/Summary?db=core;g=PTPN2;ph=769","PTPN2","protein tyrosine phosphatase non-receptor type 2 [Source:HGNC Symbol;Acc:HGNC:9650]",https://www.ebi.ac.uk/gwas/search?query=rs11875687,NHGRI-EBI GWAS catalog,,"PMID:22057235","http://europepmc.org/abstract/MED/22057235",,
rs12068671,/Homo_sapiens/Variation/Phenotype?ph=769;v=rs12068671,,Variant,1:172711891-172711891+,"/Homo_sapiens/Gene/Summary?db=core;g=FASLG;ph=769","FASLG","Fas ligand [Source:HGNC Symbol;Acc:HGNC:11936]",https://www.ebi.ac.uk/gwas/search?query=rs12068671,NHGRI-EBI GWAS catalog,,"PMID:22057235","http://europepmc.org/abstract/MED/22057235",,
rs12142280,/Homo_sapiens/Variation/Phenotype?ph=769;v=rs12142280,,Variant,1:172895512-172895512+,"/Homo_sapiens/Gene/Summary?db=core;g=FASLG;ph=769/Homo_sapiens/Gene/Summary?db=core;g=TNFSF18;ph=769","FASLGTNFSF18","Fas ligand [Source:HGNC Symbol;Acc:HGNC:11936]TNF superfamily member 18 [Source:HGNC Symbol;Acc:HGNC:11932]",https://www.ebi.ac.uk/gwas/search?query=rs12142280,NHGRI-EBI GWAS catalog,,"PMID:22057235","http://europepmc.org/abstract/MED/22057235",,
rs1250552,/Homo_sapiens/Variation/Phenotype?ph=769;v=rs1250552,,Variant,10:79298270-79298270+,"/Homo_sapiens/Gene/Summary?db=core;g=ZMIZ1;ph=769","ZMIZ1","zinc finger MIZ-type containing 1 [Source:HGNC Symbol;Acc:HGNC:16493]",https://www.ebi.ac.uk/gwas/search?query=rs1250552,NHGRI-EBI GWAS catalog,,"PMID:22057235","http://europepmc.org/abstract/MED/22057235",,
rs12727642,/Homo_sapiens/Variation/Phenotype?ph=769;v=rs12727642,,Variant,1:7986612-7986612+,"/Homo_sapiens/Gene/Summary?db=core;g=PARK7;ph=769/Homo_sapiens/Gene/Summary?db=core;g=TNFRSF9;ph=769","PARK7TNFRSF9","Parkinsonism associated deglycase [Source:HGNC Symbol;Acc:HGNC:16369]TNF receptor superfamily member 9 [Source:HGNC Symbol;Acc:HGNC:11924]",https://www.ebi.ac.uk/gwas/search?query=rs12727642,NHGRI-EBI GWAS catalog,,"PMID:20190752","http://europepmc.org/abstract/MED/20190752",,
rs12734338,/Homo_sapiens/Variation/Phenotype?ph=769;v=rs12734338,,Variant,1:202500595-202500595+,"/Homo_sapiens/Gene/Summary?db=core;g=UBE2T;ph=769/Homo_sapiens/Gene/Summary?db=core;g=PPP1R12B;ph=769/Homo_sapiens/Gene/Summary?db=core;g=SYT2;ph=769","UBE2TPPP1R12BSYT2","ubiquitin conjugating enzyme E2 T [Source:HGNC Symbol;Acc:HGNC:25009]protein phosphatase 1 regulatory subunit 12B [Source:HGNC Symbol;Acc:HGNC:7619]synaptotagmin 2 [Source:HGNC Symbol;Acc:HGNC:11510]",https://www.ebi.ac.uk/gwas/search?query=rs12734338,NHGRI-EBI GWAS catalog,,"PMID:23936387","http://europepmc.org/abstract/MED/23936387",,
rs12928822,/Homo_sapiens/Variation/Phenotype?ph=769;v=rs12928822,,Variant,16:11310036-11310036+,"/Homo_sapiens/Gene/Summary?db=core;g=CLEC16A;ph=769/Homo_sapiens/Gene/Summary?db=core;g=CIITA;ph=769/Homo_sapiens/Gene/Summary?db=core;g=SOCS1;ph=769","CLEC16ACIITASOCS1","C-type lectin domain containing 16A [Source:HGNC Symbol;Acc:HGNC:29013]class II major histocompatibility complex transactivator [Source:HGNC Symbol;Acc:HGNC:7067]suppressor of cytokine signaling 1 [Source:HGNC Symbol;Acc:HGNC:19383]",https://www.ebi.ac.uk/gwas/search?query=rs12928822,NHGRI-EBI GWAS catalog,,"PMID:20190752","http://europepmc.org/abstract/MED/20190752",,
rs13003464,/Homo_sapiens/Variation/Phenotype?ph=769;v=rs13003464,,Variant,2:60959694-60959694+,"/Homo_sapiens/Gene/Summary?db=core;g=PUS10;ph=769","PUS10","pseudouridine synthase 10 [Source:HGNC Symbol;Acc:HGNC:26505]",https://www.ebi.ac.uk/gwas/search?query=rs13003464,NHGRI-EBI GWAS catalog,,"PMID:22057235","http://europepmc.org/abstract/MED/22057235",,
rs13010713,/Homo_sapiens/Variation/Phenotype?ph=769;v=rs13010713,,Variant,2:181131318-181131318+,"/Homo_sapiens/Gene/Summary?db=core;g=ITGA4;ph=769/Homo_sapiens/Gene/Summary?db=core;g=UBE2E3;ph=769","ITGA4UBE2E3","integrin subunit alpha 4 [Source:HGNC Symbol;Acc:HGNC:6140]ubiquitin conjugating enzyme E2 E3 [Source:HGNC Symbol;Acc:HGNC:12479]",https://www.ebi.ac.uk/gwas/search?query=rs13010713,NHGRI-EBI GWAS catalog,,"PMID:20190752","http://europepmc.org/abstract/MED/20190752",,
rs13015714,/Homo_sapiens/Variation/Phenotype?ph=769;v=rs13015714,,Variant,2:102355405-102355405+,"/Homo_sapiens/Gene/Summary?db=core;g=IL18R1;ph=769/Homo_sapiens/Gene/Summary?db=core;g=IL1RL1;ph=769/Homo_sapiens/Gene/Summary?db=core;g=SLC9A4;ph=769/Homo_sapiens/Gene/Summary?db=core;g=IL18RAP;ph=769","IL18R1IL1RL1SLC9A4IL18RAP","interleukin 18 receptor 1 [Source:HGNC Symbol;Acc:HGNC:5988]interleukin 1 receptor like 1 [Source:HGNC Symbol;Acc:HGNC:5998]solute carrier family 9 member A4 [Source:HGNC Symbol;Acc:HGNC:11077]interleukin 18 receptor accessory protein [Source:HGNC Symbol;Acc:HGNC:5989]",https://www.ebi.ac.uk/gwas/search?query=rs13015714,NHGRI-EBI GWAS catalog,,"PMID:18311140","http://europepmc.org/abstract/MED/18311140",,
rs13096142,/Homo_sapiens/Variation/Phenotype?ph=769;v=rs13096142,,Variant,3:46240253-46240253+,"/Homo_sapiens/Gene/Summary?db=core;g=CCR3;ph=769/Homo_sapiens/Gene/Summary?db=core;g=CCR2;ph=769","CCR3CCR2","C-C motif chemokine receptor 3 [Source:HGNC Symbol;Acc:HGNC:1604]C-C motif chemokine receptor 2 [Source:HGNC Symbol;Acc:HGNC:1603]",https://www.ebi.ac.uk/gwas/search?query=rs13096142,NHGRI-EBI GWAS catalog,,"PMID:24999842","http://europepmc.org/abstract/MED/24999842",,
rs13098911,/Homo_sapiens/Variation/Phenotype?ph=769;v=rs13098911,,Variant,3:46193709-46193709+,"/Homo_sapiens/Gene/Summary?db=core;g=CCRL2;ph=769/Homo_sapiens/Gene/Summary?db=core;g=CCR5;ph=769/Homo_sapiens/Gene/Summary?db=core;g=CCR9;ph=769/Homo_sapiens/Gene/Summary?db=core;g=CCR1;ph=769/Homo_sapiens/Gene/Summary?db=core;g=CCR2;ph=769/Homo_sapiens/Gene/Summary?db=core;g=CCR3;ph=769","CCRL2CCR5CCR9CCR1CCR2CCR3","C-C motif chemokine receptor like 2 [Source:HGNC Symbol;Acc:HGNC:1612]C-C motif chemokine receptor 5 (gene/pseudogene) [Source:HGNC Symbol;Acc:HGNC:1606]C-C motif chemokine receptor 9 [Source:HGNC Symbol;Acc:HGNC:1610]C-C motif chemokine receptor 1 [Source:HGNC Symbol;Acc:HGNC:1602]C-C motif chemokine receptor 2 [Source:HGNC Symbol;Acc:HGNC:1603]C-C motif chemokine receptor 3 [Source:HGNC Symbol;Acc:HGNC:1604]",https://www.ebi.ac.uk/gwas/search?query=rs13098911,NHGRI-EBI GWAS catalog,,"PMID:20190752","http://europepmc.org/abstract/MED/20190752",,
rs13128441,/Homo_sapiens/Variation/Phenotype?ph=769;v=rs13128441,,Variant,4:5160662-5160662+,"/Homo_sapiens/Gene/Summary?db=core;g=STK32B;ph=769","STK32B","serine/threonine kinase 32B [Source:HGNC Symbol;Acc:HGNC:14217]",https://www.ebi.ac.uk/gwas/search?query=rs13128441,NHGRI-EBI GWAS catalog,,"PMID:23936387","http://europepmc.org/abstract/MED/23936387",,
rs13132308,/Homo_sapiens/Variation/Phenotype?ph=769;v=rs13132308,,Variant,4:122629959-122629959+,"/Homo_sapiens/Gene/Summary?db=core;g=KIAA1109;ph=769/Homo_sapiens/Gene/Summary?db=core;g=ADAD1;ph=769/Homo_sapiens/Gene/Summary?db=core;g=IL2;ph=769/Homo_sapiens/Gene/Summary?db=core;g=IL21;ph=769","KIAA1109ADAD1IL2IL21","KIAA1109 [Source:HGNC Symbol;Acc:HGNC:26953]adenosine deaminase domain containing 1 [Source:HGNC Symbol;Acc:HGNC:30713]interleukin 2 [Source:HGNC Symbol;Acc:HGNC:6001]interleukin 21 [Source:HGNC Symbol;Acc:HGNC:6005]",https://www.ebi.ac.uk/gwas/search?query=rs13132308,NHGRI-EBI GWAS catalog,,"PMID:22057235","http://europepmc.org/abstract/MED/22057235",,
rs13151961,/Homo_sapiens/Variation/Phenotype?ph=769;v=rs13151961,,Variant,4:122194347-122194347+,"/Homo_sapiens/Gene/Summary?db=core;g=IL2;ph=769/Homo_sapiens/Gene/Summary?db=core;g=ADAD1;ph=769/Homo_sapiens/Gene/Summary?db=core;g=KIAA1109;ph=769/Homo_sapiens/Gene/Summary?db=core;g=IL21;ph=769","IL2ADAD1KIAA1109IL21","interleukin 2 [Source:HGNC Symbol;Acc:HGNC:6001]adenosine deaminase domain containing 1 [Source:HGNC Symbol;Acc:HGNC:30713]KIAA1109 [Source:HGNC Symbol;Acc:HGNC:26953]interleukin 21 [Source:HGNC Symbol;Acc:HGNC:6005]",https://www.ebi.ac.uk/gwas/search?query=rs13151961,NHGRI-EBI GWAS catalog,,"PMID:24999842","http://europepmc.org/abstract/MED/24999842",,
rs13314993,/Homo_sapiens/Variation/Phenotype?ph=769;v=rs13314993,,Variant,3:32973977-32973977+,"/Homo_sapiens/Gene/Summary?db=core;g=CCR4;ph=769","CCR4","CCR4-NOT transcription complex subunit 6 [Source:HGNC Symbol;Acc:HGNC:14099]",https://www.ebi.ac.uk/gwas/search?query=rs13314993,NHGRI-EBI GWAS catalog,,"PMID:20190752","http://europepmc.org/abstract/MED/20190752",,
rs13397,/Homo_sapiens/Variation/Phenotype?ph=769;v=rs13397,,Variant,X:153982797-153982797+,"/Homo_sapiens/Gene/Summary?db=core;g=HCFC1;ph=769/Homo_sapiens/Gene/Summary?db=core;g=TMEM187;ph=769/Homo_sapiens/Gene/Summary?db=core;g=IRAK1;ph=769","HCFC1TMEM187IRAK1","host cell factor C1 [Source:HGNC Symbol;Acc:HGNC:4839]transmembrane protein 187 [Source:HGNC Symbol;Acc:HGNC:13705]interleukin 1 receptor associated kinase 1 [Source:HGNC Symbol;Acc:HGNC:6112]",https://www.ebi.ac.uk/gwas/search?query=rs13397,NHGRI-EBI GWAS catalog,,"PMID:22057235","http://europepmc.org/abstract/MED/22057235",,
rs1353248,/Homo_sapiens/Variation/Phenotype?ph=769;v=rs1353248,,Variant,3:159905770-159905770+,"/Homo_sapiens/Gene/Summary?db=core;g=SCHIP1;ph=769/Homo_sapiens/Gene/Summary?db=core;g=IL12A;ph=769","SCHIP1IL12A","IQCJ-SCHIP1 readthrough [Source:HGNC Symbol;Acc:HGNC:38842]interleukin 12A [Source:HGNC Symbol;Acc:HGNC:5969]",https://www.ebi.ac.uk/gwas/search?query=rs1353248,NHGRI-EBI GWAS catalog,,"PMID:22057235","http://europepmc.org/abstract/MED/22057235",,
rs1359062,/Homo_sapiens/Variation/Phenotype?ph=769;v=rs1359062,,Variant,1:192572342-192572342+,"/Homo_sapiens/Gene/Summary?db=core;g=RGS1;ph=769","RGS1","regulator of G protein signaling 1 [Source:HGNC Symbol;Acc:HGNC:9991]",https://www.ebi.ac.uk/gwas/search?query=rs1359062,NHGRI-EBI GWAS catalog,,"PMID:22057235","http://europepmc.org/abstract/MED/22057235",,
rs1378938,/Homo_sapiens/Variation/Phenotype?ph=769;v=rs1378938,,Variant,15:74804102-74804102+,"/Homo_sapiens/Gene/Summary?db=core;g=CLK3;ph=769/Homo_sapiens/Gene/Summary?db=core;g=CSK;ph=769","CLK3CSK","CDC like kinase 3 [Source:HGNC Symbol;Acc:HGNC:2071]C-terminal Src kinase [Source:HGNC Symbol;Acc:HGNC:2444]",https://www.ebi.ac.uk/gwas/search?query=rs1378938,NHGRI-EBI GWAS catalog,,"PMID:22057235","http://europepmc.org/abstract/MED/22057235",,
rs1464510,/Homo_sapiens/Variation/Phenotype?ph=769;v=rs1464510,,Variant,3:188394766-188394766+,"/Homo_sapiens/Gene/Summary?db=core;g=LPP;ph=769","LPP","LIM domain containing preferred translocation partner in lipoma [Source:HGNC Symbol;Acc:HGNC:6679]",https://www.ebi.ac.uk/gwas/search?query=rs1464510,NHGRI-EBI GWAS catalog,,"PMID:18311140","http://europepmc.org/abstract/MED/18311140",,
rs157640,/Homo_sapiens/Variation/Phenotype?ph=769;v=rs157640,,Variant,20:54798000-54798000+,"/Homo_sapiens/Gene/Summary?db=core;g=DOK5;ph=769","DOK5","docking protein 5 [Source:HGNC Symbol;Acc:HGNC:16173]",https://www.ebi.ac.uk/gwas/search?query=rs157640,NHGRI-EBI GWAS catalog,,"PMID:23936387","http://europepmc.org/abstract/MED/23936387",,
rs17035378,/Homo_sapiens/Variation/Phenotype?ph=769;v=rs17035378,,Variant,2:68371823-68371823+,"/Homo_sapiens/Gene/Summary?db=core;g=PLEK;ph=769","PLEK","pleckstrin [Source:HGNC Symbol;Acc:HGNC:9070]",https://www.ebi.ac.uk/gwas/search?query=rs17035378,NHGRI-EBI GWAS catalog,,"PMID:20190752","http://europepmc.org/abstract/MED/20190752",,
rs17264332,/Homo_sapiens/Variation/Phenotype?ph=769;v=rs17264332,,Variant,6:137684378-137684378+,"/Homo_sapiens/Gene/Summary?db=core;g=OLIG3;ph=769/Homo_sapiens/Gene/Summary?db=core;g=TNFAIP3;ph=769","OLIG3TNFAIP3","oligodendrocyte transcription factor 3 [Source:HGNC Symbol;Acc:HGNC:18003]TNF alpha induced protein 3 [Source:HGNC Symbol;Acc:HGNC:11896]",https://www.ebi.ac.uk/gwas/search?query=rs17264332,NHGRI-EBI GWAS catalog,,"PMID:22057235","http://europepmc.org/abstract/MED/22057235",,
rs1738074,/Homo_sapiens/Variation/Phenotype?ph=769;v=rs1738074,,Variant,6:159044945-159044945+,"/Homo_sapiens/Gene/Summary?db=core;g=TAGAP;ph=769","TAGAP","T cell activation RhoGTPase activating protein [Source:HGNC Symbol;Acc:HGNC:15669]",https://www.ebi.ac.uk/gwas/search?query=rs1738074,NHGRI-EBI GWAS catalog,,"PMID:18311140","http://europepmc.org/abstract/MED/18311140",,
rs17760268,/Homo_sapiens/Variation/Phenotype?ph=769;v=rs17760268,,Variant,17:56533930-56533930+,"/Homo_sapiens/Gene/Summary?db=core;g=ANKFN1;ph=769/Homo_sapiens/Gene/Summary?db=core;g=NOG;ph=769","ANKFN1NOG","ankyrin repeat and fibronectin type III domain containing 1 [Source:HGNC Symbol;Acc:HGNC:26766]noggin [Source:HGNC Symbol;Acc:HGNC:7866]",https://www.ebi.ac.uk/gwas/search?query=rs17760268,NHGRI-EBI GWAS catalog,,"PMID:23936387","http://europepmc.org/abstract/MED/23936387",,
rs17810546,/Homo_sapiens/Variation/Phenotype?ph=769;v=rs17810546,,Variant,3:159947262-159947262+,"/Homo_sapiens/Gene/Summary?db=core;g=IL12A;ph=769/Homo_sapiens/Gene/Summary?db=core;g=SCHIP1;ph=769","IL12ASCHIP1","interleukin 12A [Source:HGNC Symbol;Acc:HGNC:5969]IQCJ-SCHIP1 readthrough [Source:HGNC Symbol;Acc:HGNC:38842]",https://www.ebi.ac.uk/gwas/search?query=rs17810546,NHGRI-EBI GWAS catalog,,"PMID:18311140","http://europepmc.org/abstract/MED/18311140",,
rs182429,/Homo_sapiens/Variation/Phenotype?ph=769;v=rs182429,,Variant,6:159048542-159048542+,"/Homo_sapiens/Gene/Summary?db=core;g=TAGAP;ph=769","TAGAP","T cell activation RhoGTPase activating protein [Source:HGNC Symbol;Acc:HGNC:15669]",https://www.ebi.ac.uk/gwas/search?query=rs182429,NHGRI-EBI GWAS catalog,,"PMID:22057235","http://europepmc.org/abstract/MED/22057235",,
rs1893217,/Homo_sapiens/Variation/Phenotype?ph=769;v=rs1893217,,Variant,18:12809341-12809341+,"/Homo_sapiens/Gene/Summary?db=core;g=PTPN2;ph=769","PTPN2","protein tyrosine phosphatase non-receptor type 2 [Source:HGNC Symbol;Acc:HGNC:9650]",https://www.ebi.ac.uk/gwas/search?query=rs1893217,NHGRI-EBI GWAS catalog,,"PMID:20190752","http://europepmc.org/abstract/MED/20190752",,
rs1893592,/Homo_sapiens/Variation/Phenotype?ph=769;v=rs1893592,,Variant,21:42434957-42434957+,"/Homo_sapiens/Gene/Summary?db=core;g=UBASH3A;ph=769","UBASH3A","ubiquitin associated and SH3 domain containing A [Source:HGNC Symbol;Acc:HGNC:12462]",https://www.ebi.ac.uk/gwas/search?query=rs1893592,NHGRI-EBI GWAS catalog,,"PMID:22057235","http://europepmc.org/abstract/MED/22057235",,
rs195656,/Homo_sapiens/Variation/Phenotype?ph=769;v=rs195656,,Variant,16:71013581-71013581+,"/Homo_sapiens/Gene/Summary?db=core;g=HYDIN;ph=769","HYDIN","HYDIN axonemal central pair apparatus protein [Source:HGNC Symbol;Acc:HGNC:19368]",https://www.ebi.ac.uk/gwas/search?query=rs195656,NHGRI-EBI GWAS catalog,,"PMID:23936387","http://europepmc.org/abstract/MED/23936387",,
rs1958589,/Homo_sapiens/Variation/Phenotype?ph=769;v=rs1958589,,Variant,14:34375170-34375170+,"/Homo_sapiens/Gene/Summary?db=core;g=EAPP;ph=769/Homo_sapiens/Gene/Summary?db=core;g=SNX6;ph=769/Homo_sapiens/Gene/Summary?db=core;g=C14orf147;ph=769","EAPPSNX6C14orf147","E2F associated phosphoprotein [Source:HGNC Symbol;Acc:HGNC:19312]sorting nexin 6 [Source:HGNC Symbol;Acc:HGNC:14970]serine palmitoyltransferase small subunit A [Source:HGNC Symbol;Acc:HGNC:20361]",https://www.ebi.ac.uk/gwas/search?query=rs1958589,NHGRI-EBI GWAS catalog,,"PMID:23936387","http://europepmc.org/abstract/MED/23936387",,
rs1980422,/Homo_sapiens/Variation/Phenotype?ph=769;v=rs1980422,,Variant,2:203745673-203745673+,"/Homo_sapiens/Gene/Summary?db=core;g=CD28;ph=769/Homo_sapiens/Gene/Summary?db=core;g=CTLA4;ph=769","CD28CTLA4","CD28 molecule [Source:HGNC Symbol;Acc:HGNC:1653]cytotoxic T-lymphocyte associated protein 4 [Source:HGNC Symbol;Acc:HGNC:2505]",https://www.ebi.ac.uk/gwas/search?query=rs1980422,NHGRI-EBI GWAS catalog,,"PMID:22057235","http://europepmc.org/abstract/MED/22057235",,
rs2030519,/Homo_sapiens/Variation/Phenotype?ph=769;v=rs2030519,,Variant,3:188402113-188402113+,"/Homo_sapiens/Gene/Summary?db=core;g=LPP;ph=769","LPP","LIM domain containing preferred translocation partner in lipoma [Source:HGNC Symbol;Acc:HGNC:6679]",https://www.ebi.ac.uk/gwas/search?query=rs2030519,NHGRI-EBI GWAS catalog,,"PMID:22057235","http://europepmc.org/abstract/MED/22057235",,
rs2068824,/Homo_sapiens/Variation/Phenotype?ph=769;v=rs2068824,,Variant,1:201625537-201625537+,"/Homo_sapiens/Gene/Summary?db=core;g=NAV1;ph=769","NAV1","neuron navigator 1 [Source:HGNC Symbol;Acc:HGNC:15989]",https://www.ebi.ac.uk/gwas/search?query=rs2068824,NHGRI-EBI GWAS catalog,,"PMID:23936387","http://europepmc.org/abstract/MED/23936387",,
rs2074404,/Homo_sapiens/Variation/Phenotype?ph=769;v=rs2074404,,Variant,17:46788073-46788073+,,,,https://www.ebi.ac.uk/gwas/search?query=rs2074404,NHGRI-EBI GWAS catalog,,"PMID:20190752","http://europepmc.org/abstract/MED/20190752",,
rs2097282,/Homo_sapiens/Variation/Phenotype?ph=769;v=rs2097282,,Variant,3:46336534-46336534+,"/Homo_sapiens/Gene/Summary?db=core;g=CCR3;ph=769/Homo_sapiens/Gene/Summary?db=core;g=CCR2;ph=769","CCR3CCR2","C-C motif chemokine receptor 3 [Source:HGNC Symbol;Acc:HGNC:1604]C-C motif chemokine receptor 2 [Source:HGNC Symbol;Acc:HGNC:1603]",https://www.ebi.ac.uk/gwas/search?query=rs2097282,NHGRI-EBI GWAS catalog,,"PMID:22057235","http://europepmc.org/abstract/MED/22057235",,
rs212402,/Homo_sapiens/Variation/Phenotype?ph=769;v=rs212402,,Variant,6:159051263-159051263+,"/Homo_sapiens/Gene/Summary?db=core;g=TAGAP;ph=769","TAGAP","T cell activation RhoGTPase activating protein [Source:HGNC Symbol;Acc:HGNC:15669]",https://www.ebi.ac.uk/gwas/search?query=rs212402,NHGRI-EBI GWAS catalog,,"PMID:24999842","http://europepmc.org/abstract/MED/24999842",,
rs2157453,/Homo_sapiens/Variation/Phenotype?ph=769;v=rs2157453,,Variant,1:172894808-172894808+,"/Homo_sapiens/Gene/Summary?db=core;g=TNFSF18;ph=769/Homo_sapiens/Gene/Summary?db=core;g=TNFSF4;ph=769/Homo_sapiens/Gene/Summary?db=core;g=FASLG;ph=769","TNFSF18TNFSF4FASLG","TNF superfamily member 18 [Source:HGNC Symbol;Acc:HGNC:11932]TNF superfamily member 4 [Source:HGNC Symbol;Acc:HGNC:11934]Fas ligand [Source:HGNC Symbol;Acc:HGNC:11936]",https://www.ebi.ac.uk/gwas/search?query=rs2157453,NHGRI-EBI GWAS catalog,,"PMID:24999842","http://europepmc.org/abstract/MED/24999842",,
rs2187668,/Homo_sapiens/Variation/Phenotype?ph=769;v=rs2187668,,Variant,6:32638107-32638107+,"/Homo_sapiens/Gene/Summary?db=core;g=HLA-DQB1;ph=769/Homo_sapiens/Gene/Summary?db=core;g=HLA-DQA1;ph=769","HLA-DQB1HLA-DQA1","major histocompatibility complex, class II, DQ beta 1 [Source:HGNC Symbol;Acc:HGNC:4944]major histocompatibility complex, class II, DQ alpha 1 [Source:HGNC Symbol;Acc:HGNC:4942]",https://www.ebi.ac.uk/gwas/search?query=rs2187668,NHGRI-EBI GWAS catalog,,"PMID:20190752","http://europepmc.org/abstract/MED/20190752",,
rs2298428,/Homo_sapiens/Variation/Phenotype?ph=769;v=rs2298428,,Variant,22:21628603-21628603+,"/Homo_sapiens/Gene/Summary?db=core;g=YDJC;ph=769/Homo_sapiens/Gene/Summary?db=core;g=UBE2L3;ph=769","YDJCUBE2L3","YdjC chitooligosaccharide deacetylase homolog [Source:HGNC Symbol;Acc:HGNC:27158]ubiquitin conjugating enzyme E2 L3 [Source:HGNC Symbol;Acc:HGNC:12488]",https://www.ebi.ac.uk/gwas/search?query=rs2298428,NHGRI-EBI GWAS catalog,,"PMID:20190752","http://europepmc.org/abstract/MED/20190752",,
rs2327832,/Homo_sapiens/Variation/Phenotype?ph=769;v=rs2327832,,Variant,6:137651931-137651931+,"/Homo_sapiens/Gene/Summary?db=core;g=TNFAIP3;ph=769","TNFAIP3","TNF alpha induced protein 3 [Source:HGNC Symbol;Acc:HGNC:11896]",https://www.ebi.ac.uk/gwas/search?query=rs2327832,NHGRI-EBI GWAS catalog,,"PMID:20190752","http://europepmc.org/abstract/MED/20190752",,
rs2387397,/Homo_sapiens/Variation/Phenotype?ph=769;v=rs2387397,,Variant,10:6348230-6348230+,"/Homo_sapiens/Gene/Summary?db=core;g=PFKFB3;ph=769/Homo_sapiens/Gene/Summary?db=core;g=PRKCQ;ph=769","PFKFB3PRKCQ","6-phosphofructo-2-kinase/fructose-2,6-biphosphatase 3 [Source:HGNC Symbol;Acc:HGNC:8874]protein kinase C theta [Source:HGNC Symbol;Acc:HGNC:9410]",https://www.ebi.ac.uk/gwas/search?query=rs2387397,NHGRI-EBI GWAS catalog,,"PMID:22057235","http://europepmc.org/abstract/MED/22057235",,
rs2474619,/Homo_sapiens/Variation/Phenotype?ph=769;v=rs2474619,,Variant,6:90170316-90170316+,"/Homo_sapiens/Gene/Summary?db=core;g=BACH2;ph=769","BACH2","BTB domain and CNC homolog 2 [Source:HGNC Symbol;Acc:HGNC:14078]",https://www.ebi.ac.uk/gwas/search?query=rs2474619,NHGRI-EBI GWAS catalog,,"PMID:24999842","http://europepmc.org/abstract/MED/24999842",,
rs2561288,/Homo_sapiens/Variation/Phenotype?ph=769;v=rs2561288,,Variant,3:159957140-159957140+,"/Homo_sapiens/Gene/Summary?db=core;g=SCHIP1;ph=769/Homo_sapiens/Gene/Summary?db=core;g=IL12A;ph=769","SCHIP1IL12A","IQCJ-SCHIP1 readthrough [Source:HGNC Symbol;Acc:HGNC:38842]interleukin 12A [Source:HGNC Symbol;Acc:HGNC:5969]",https://www.ebi.ac.uk/gwas/search?query=rs2561288,NHGRI-EBI GWAS catalog,,"PMID:22057235","http://europepmc.org/abstract/MED/22057235",,
rs2605393,/Homo_sapiens/Variation/Phenotype?ph=769;v=rs2605393,,Variant,3:36368109-36368109+,"/Homo_sapiens/Gene/Summary?db=core;g=STAC;ph=769","STAC","SH3 and cysteine rich domain [Source:HGNC Symbol;Acc:HGNC:11353]",https://www.ebi.ac.uk/gwas/search?query=rs2605393,NHGRI-EBI GWAS catalog,,"PMID:23936387","http://europepmc.org/abstract/MED/23936387",,
rs2664156,/Homo_sapiens/Variation/Phenotype?ph=769;v=rs2664156,,Variant,19:50873907-50873907+,"/Homo_sapiens/Gene/Summary?db=core;g=KLK15;ph=769/Homo_sapiens/Gene/Summary?db=core;g=KLK3;ph=769/Homo_sapiens/Gene/Summary?db=core;g=KLK2;ph=769/Homo_sapiens/Gene/Summary?db=core;g=KLKP1;ph=769/Homo_sapiens/Gene/Summary?db=core;g=KLK4;ph=769","KLK15KLK3KLK2KLKP1KLK4","kallikrein related peptidase 15 [Source:HGNC Symbol;Acc:HGNC:20453]kallikrein related peptidase 3 [Source:HGNC Symbol;Acc:HGNC:6364]kallikrein related peptidase 2 [Source:HGNC Symbol;Acc:HGNC:6363]kallikrein pseudogene 1 [Source:HGNC Symbol;Acc:HGNC:21260]kallikrein related peptidase 4 [Source:HGNC Symbol;Acc:HGNC:6365]",https://www.ebi.ac.uk/gwas/search?query=rs2664156,NHGRI-EBI GWAS catalog,,"PMID:23936387","http://europepmc.org/abstract/MED/23936387",,
rs2762051,/Homo_sapiens/Variation/Phenotype?ph=769;v=rs2762051,,Variant,13:50261579-50261579+,,,,https://www.ebi.ac.uk/gwas/search?query=rs2762051,NHGRI-EBI GWAS catalog,,"PMID:20190752","http://europepmc.org/abstract/MED/20190752",,
rs2816316,/Homo_sapiens/Variation/Phenotype?ph=769;v=rs2816316,,Variant,1:192567683-192567683+,"/Homo_sapiens/Gene/Summary?db=core;g=RGS1;ph=769","RGS1","regulator of G protein signaling 1 [Source:HGNC Symbol;Acc:HGNC:9991]",https://www.ebi.ac.uk/gwas/search?query=rs2816316,NHGRI-EBI GWAS catalog,,"PMID:18311140","http://europepmc.org/abstract/MED/18311140",,
rs296547,/Homo_sapiens/Variation/Phenotype?ph=769;v=rs296547,,Variant,1:200923009-200923009+,,,,https://www.ebi.ac.uk/gwas/search?query=rs296547,NHGRI-EBI GWAS catalog,,"PMID:20190752","http://europepmc.org/abstract/MED/20190752",,
rs3184504,/Homo_sapiens/Variation/Phenotype?ph=769;v=rs3184504,,Variant,12:111446804-111446804+,"/Homo_sapiens/Gene/Summary?db=core;g=SH2B3;ph=769/Homo_sapiens/Gene/Summary?db=core;g=ATXN2;ph=769","SH2B3ATXN2","SH2B adaptor protein 3 [Source:HGNC Symbol;Acc:HGNC:29605]ataxin 2 [Source:HGNC Symbol;Acc:HGNC:10555]",https://www.ebi.ac.uk/gwas/search?query=rs3184504,NHGRI-EBI GWAS catalog,,"PMID:22057235","http://europepmc.org/abstract/MED/22057235",,
rs3748816,/Homo_sapiens/Variation/Phenotype?ph=769;v=rs3748816,,Variant,1:2595307-2595307+,"/Homo_sapiens/Gene/Summary?db=core;g=MMEL1;ph=769/Homo_sapiens/Gene/Summary?db=core;g=TNFRSF14;ph=769","MMEL1TNFRSF14","membrane metalloendopeptidase like 1 [Source:HGNC Symbol;Acc:HGNC:14668]TNF receptor superfamily member 14 [Source:HGNC Symbol;Acc:HGNC:11912]",https://www.ebi.ac.uk/gwas/search?query=rs3748816,NHGRI-EBI GWAS catalog,,"PMID:20190752","http://europepmc.org/abstract/MED/20190752",,
rs424232,/Homo_sapiens/Variation/Phenotype?ph=769;v=rs424232,,Variant,6:32240547-32240547+,,"HLA",,https://www.ebi.ac.uk/gwas/search?query=rs424232,NHGRI-EBI GWAS catalog,,"PMID:23936387","http://europepmc.org/abstract/MED/23936387",,
rs4445406,/Homo_sapiens/Variation/Phenotype?ph=769;v=rs4445406,,Variant,1:2607961-2607961+,"/Homo_sapiens/Gene/Summary?db=core;g=C1orf93;ph=769/Homo_sapiens/Gene/Summary?db=core;g=MMEL1;ph=769/Homo_sapiens/Gene/Summary?db=core;g=TTC34;ph=769","C1orf93MMEL1TTC34","peroxiredoxin like 2B [Source:HGNC Symbol;Acc:HGNC:28390]membrane metalloendopeptidase like 1 [Source:HGNC Symbol;Acc:HGNC:14668]tetratricopeptide repeat domain 34 [Source:HGNC Symbol;Acc:HGNC:34297]",https://www.ebi.ac.uk/gwas/search?query=rs4445406,NHGRI-EBI GWAS catalog,,"PMID:22057235","http://europepmc.org/abstract/MED/22057235",,
rs4558075,/Homo_sapiens/Variation/Phenotype?ph=769;v=rs4558075,,Variant,10:6359663-6359663+,"/Homo_sapiens/Gene/Summary?db=core;g=PFKFB3;ph=769/Homo_sapiens/Gene/Summary?db=core;g=PRKCQ;ph=769","PFKFB3PRKCQ","6-phosphofructo-2-kinase/fructose-2,6-biphosphatase 3 [Source:HGNC Symbol;Acc:HGNC:8874]protein kinase C theta [Source:HGNC Symbol;Acc:HGNC:9410]",https://www.ebi.ac.uk/gwas/search?query=rs4558075,NHGRI-EBI GWAS catalog,,"PMID:24999842","http://europepmc.org/abstract/MED/24999842",,
rs4675374,/Homo_sapiens/Variation/Phenotype?ph=769;v=rs4675374,,Variant,2:203937855-203937855+,"/Homo_sapiens/Gene/Summary?db=core;g=ICOS;ph=769/Homo_sapiens/Gene/Summary?db=core;g=CTLA4;ph=769/Homo_sapiens/Gene/Summary?db=core;g=CD28;ph=769","ICOSCTLA4CD28","inducible T cell costimulator [Source:HGNC Symbol;Acc:HGNC:5351]cytotoxic T-lymphocyte associated protein 4 [Source:HGNC Symbol;Acc:HGNC:2505]CD28 molecule [Source:HGNC Symbol;Acc:HGNC:1653]",https://www.ebi.ac.uk/gwas/search?query=rs4675374,NHGRI-EBI GWAS catalog,,"PMID:20190752","http://europepmc.org/abstract/MED/20190752",,
rs4678523,/Homo_sapiens/Variation/Phenotype?ph=769;v=rs4678523,,Variant,3:32996229-32996229+,"/Homo_sapiens/Gene/Summary?db=core;g=CCR4;ph=769/Homo_sapiens/Gene/Summary?db=core;g=GLB1;ph=769","CCR4GLB1","CCR4-NOT transcription complex subunit 6 [Source:HGNC Symbol;Acc:HGNC:14099]galactosidase beta 1 [Source:HGNC Symbol;Acc:HGNC:4298]",https://www.ebi.ac.uk/gwas/search?query=rs4678523,NHGRI-EBI GWAS catalog,,"PMID:22057235","http://europepmc.org/abstract/MED/22057235",,
rs4819388,/Homo_sapiens/Variation/Phenotype?ph=769;v=rs4819388,,Variant,21:44227538-44227538+,"/Homo_sapiens/Gene/Summary?db=core;g=ICOSLG;ph=769","ICOSLG","ICOS ligand [Source:NCBI gene;Acc:102723996]",https://www.ebi.ac.uk/gwas/search?query=rs4819388,NHGRI-EBI GWAS catalog,,"PMID:20190752","http://europepmc.org/abstract/MED/20190752",,
rs4821124,/Homo_sapiens/Variation/Phenotype?ph=769;v=rs4821124,,Variant,22:21625000-21625000+,"/Homo_sapiens/Gene/Summary?db=core;g=UBE2L3;ph=769/Homo_sapiens/Gene/Summary?db=core;g=YDJC;ph=769","UBE2L3YDJC","ubiquitin conjugating enzyme E2 L3 [Source:HGNC Symbol;Acc:HGNC:12488]YdjC chitooligosaccharide deacetylase homolog [Source:HGNC Symbol;Acc:HGNC:27158]",https://www.ebi.ac.uk/gwas/search?query=rs4821124,NHGRI-EBI GWAS catalog,,"PMID:22057235","http://europepmc.org/abstract/MED/22057235",,
rs4899260,/Homo_sapiens/Variation/Phenotype?ph=769;v=rs4899260,,Variant,14:68811487-68811487+,"/Homo_sapiens/Gene/Summary?db=core;g=ZFP36L1;ph=769","ZFP36L1","ZFP36 ring finger protein like 1 [Source:HGNC Symbol;Acc:HGNC:1107]",https://www.ebi.ac.uk/gwas/search?query=rs4899260,NHGRI-EBI GWAS catalog,,"PMID:20190752","http://europepmc.org/abstract/MED/20190752",,
rs4911642,/Homo_sapiens/Variation/Phenotype?ph=769;v=rs4911642,,Variant,22:15473564-15473564+,"/Homo_sapiens/Gene/Summary?db=core;g=CCT8L2;ph=769/Homo_sapiens/Gene/Summary?db=core;g=psiTPTE22;ph=769","CCT8L2psiTPTE22","chaperonin containing TCP1 subunit 8 like 2 [Source:HGNC Symbol;Acc:HGNC:15553]TPTE pseudogene 1 [Source:HGNC Symbol;Acc:HGNC:43648]",https://www.ebi.ac.uk/gwas/search?query=rs4911642,NHGRI-EBI GWAS catalog,,"PMID:23936387","http://europepmc.org/abstract/MED/23936387",,
rs4930144,/Homo_sapiens/Variation/Phenotype?ph=769;v=rs4930144,,Variant,11:2027258-2027258+,"/Homo_sapiens/Gene/Summary?db=core;g=SYT8;ph=769/Homo_sapiens/Gene/Summary?db=core;g=TNNI2;ph=769/Homo_sapiens/Gene/Summary?db=core;g=LSP1;ph=769/Homo_sapiens/Gene/Summary?db=core;g=H19;ph=769/Homo_sapiens/Gene/Summary?db=core;g=ASCL2;ph=769/Homo_sapiens/Gene/Summary?db=core;g=IGF2;ph=769/Homo_sapiens/Gene/Summary?db=core;g=INS;ph=769/Homo_sapiens/Gene/Summary?db=core;g=MRPL23;ph=769/Homo_sapiens/Gene/Summary?db=core;g=TH;ph=769/Homo_sapiens/Gene/Summary?db=core;g=IGF2AS;ph=769/Homo_sapiens/Gene/Summary?db=core;g=TNNT3;ph=769","SYT8TNNI2LSP1H19ASCL2IGF2INSMRPL23THIGF2ASTNNT3","synaptotagmin 8 [Source:HGNC Symbol;Acc:HGNC:19264]troponin I2, fast skeletal type [Source:HGNC Symbol;Acc:HGNC:11946]lymphocyte specific protein 1 [Source:HGNC Symbol;Acc:HGNC:6707]H19 imprinted maternally expressed transcript [Source:HGNC Symbol;Acc:HGNC:4713]achaete-scute family bHLH transcription factor 2 [Source:HGNC Symbol;Acc:HGNC:739]insulin like growth factor 2 [Source:HGNC Symbol;Acc:HGNC:5466]INS-IGF2 readthrough [Source:HGNC Symbol;Acc:HGNC:33527]mitochondrial ribosomal protein L23 [Source:HGNC Symbol;Acc:HGNC:10322]tyrosine hydroxylase [Source:HGNC Symbol;Acc:HGNC:11782]IGF2 antisense RNA [Source:HGNC Symbol;Acc:HGNC:14062]troponin T3, fast skeletal type [Source:HGNC Symbol;Acc:HGNC:11950]",https://www.ebi.ac.uk/gwas/search?query=rs4930144,NHGRI-EBI GWAS catalog,,"PMID:23936387","http://europepmc.org/abstract/MED/23936387",,
rs531930,/Homo_sapiens/Variation/Phenotype?ph=769;v=rs531930,,Variant,6:124422361-124422361+,"/Homo_sapiens/Gene/Summary?db=core;g=NKAIN2;ph=769","NKAIN2","sodium/potassium transporting ATPase interacting 2 [Source:HGNC Symbol;Acc:HGNC:16443]",https://www.ebi.ac.uk/gwas/search?query=rs531930,NHGRI-EBI GWAS catalog,,"PMID:24999842","http://europepmc.org/abstract/MED/24999842",,
rs55743914,/Homo_sapiens/Variation/Phenotype?ph=769;v=rs55743914,,Variant,6:127972417-127972417+,"/Homo_sapiens/Gene/Summary?db=core;g=PTPRK;ph=769","PTPRK","protein tyrosine phosphatase receptor type K [Source:HGNC Symbol;Acc:HGNC:9674]",https://www.ebi.ac.uk/gwas/search?query=rs55743914,NHGRI-EBI GWAS catalog,,"PMID:22057235","http://europepmc.org/abstract/MED/22057235",,
rs58911644,/Homo_sapiens/Variation/Phenotype?ph=769;v=rs58911644,,Variant,21:44209238-44209238+,"/Homo_sapiens/Gene/Summary?db=core;g=ICOSLG;ph=769","ICOSLG","ICOS ligand [Source:NCBI gene;Acc:102723996]",https://www.ebi.ac.uk/gwas/search?query=rs58911644,NHGRI-EBI GWAS catalog,,"PMID:22057235","http://europepmc.org/abstract/MED/22057235",,
rs5979785,/Homo_sapiens/Variation/Phenotype?ph=769;v=rs5979785,,Variant,X:12953405-12953405+,"/Homo_sapiens/Gene/Summary?db=core;g=TLR7;ph=769/Homo_sapiens/Gene/Summary?db=core;g=TLR8;ph=769","TLR7TLR8","toll like receptor 7 [Source:HGNC Symbol;Acc:HGNC:15631]toll like receptor 8 [Source:HGNC Symbol;Acc:HGNC:15632]",https://www.ebi.ac.uk/gwas/search?query=rs5979785,NHGRI-EBI GWAS catalog,,"PMID:20190752","http://europepmc.org/abstract/MED/20190752",,
rs61579022,/Homo_sapiens/Variation/Phenotype?ph=769;v=rs61579022,,Variant,3:119404431-119404431+,"/Homo_sapiens/Gene/Summary?db=core;g=ARHGAP31;ph=769","ARHGAP31","Rho GTPase activating protein 31 [Source:HGNC Symbol;Acc:HGNC:29216]",https://www.ebi.ac.uk/gwas/search?query=rs61579022,NHGRI-EBI GWAS catalog,,"PMID:22057235","http://europepmc.org/abstract/MED/22057235",,
rs61907765,/Homo_sapiens/Variation/Phenotype?ph=769;v=rs61907765,,Variant,11:128522042-128522042+,"/Homo_sapiens/Gene/Summary?db=core;g=ETS1;ph=769","ETS1","ETS proto-oncogene 1, transcription factor [Source:HGNC Symbol;Acc:HGNC:3488]",https://www.ebi.ac.uk/gwas/search?query=rs61907765,NHGRI-EBI GWAS catalog,,"PMID:22057235","http://europepmc.org/abstract/MED/22057235",,
rs6441961,/Homo_sapiens/Variation/Phenotype?ph=769;v=rs6441961,,Variant,3:46310893-46310893+,"/Homo_sapiens/Gene/Summary?db=core;g=CCR1;ph=769/Homo_sapiens/Gene/Summary?db=core;g=CCR3;ph=769","CCR1CCR3","C-C motif chemokine receptor 1 [Source:HGNC Symbol;Acc:HGNC:1602]C-C motif chemokine receptor 3 [Source:HGNC Symbol;Acc:HGNC:1604]",https://www.ebi.ac.uk/gwas/search?query=rs6441961,NHGRI-EBI GWAS catalog,,"PMID:18311140","http://europepmc.org/abstract/MED/18311140",,
rs6498114,/Homo_sapiens/Variation/Phenotype?ph=769;v=rs6498114,,Variant,16:10870261-10870261+,"/Homo_sapiens/Gene/Summary?db=core;g=CIITA;ph=769","CIITA","class II major histocompatibility complex transactivator [Source:HGNC Symbol;Acc:HGNC:7067]",https://www.ebi.ac.uk/gwas/search?query=rs6498114,NHGRI-EBI GWAS catalog,,"PMID:22057235","http://europepmc.org/abstract/MED/22057235",,
rs653178,/Homo_sapiens/Variation/Phenotype?ph=769;v=rs653178,,Variant,12:111569952-111569952+,"/Homo_sapiens/Gene/Summary?db=core;g=SH2B3;ph=769/Homo_sapiens/Gene/Summary?db=core;g=ATXN2;ph=769","SH2B3ATXN2","SH2B adaptor protein 3 [Source:HGNC Symbol;Acc:HGNC:29605]ataxin 2 [Source:HGNC Symbol;Acc:HGNC:10555]",https://www.ebi.ac.uk/gwas/search?query=rs653178,NHGRI-EBI GWAS catalog,,"PMID:18311140","http://europepmc.org/abstract/MED/18311140",,
rs6691768,/Homo_sapiens/Variation/Phenotype?ph=769;v=rs6691768,,Variant,1:61326191-61326191+,"/Homo_sapiens/Gene/Summary?db=core;g=NFIA;ph=769","NFIA","nuclear factor I A [Source:HGNC Symbol;Acc:HGNC:7784]",https://www.ebi.ac.uk/gwas/search?query=rs6691768,NHGRI-EBI GWAS catalog,,"PMID:20190752","http://europepmc.org/abstract/MED/20190752",,
rs6715106,/Homo_sapiens/Variation/Phenotype?ph=769;v=rs6715106,,Variant,2:191048308-191048308+,"/Homo_sapiens/Gene/Summary?db=core;g=STAT4;ph=769","STAT4","signal transducer and activator of transcription 4 [Source:HGNC Symbol;Acc:HGNC:11365]",https://www.ebi.ac.uk/gwas/search?query=rs6715106,NHGRI-EBI GWAS catalog,,"PMID:22057235","http://europepmc.org/abstract/MED/22057235",,
rs6752770,/Homo_sapiens/Variation/Phenotype?ph=769;v=rs6752770,,Variant,2:191108837-191108837+,"/Homo_sapiens/Gene/Summary?db=core;g=STAT4;ph=769","STAT4","signal transducer and activator of transcription 4 [Source:HGNC Symbol;Acc:HGNC:11365]",https://www.ebi.ac.uk/gwas/search?query=rs6752770,NHGRI-EBI GWAS catalog,,"PMID:22057235","http://europepmc.org/abstract/MED/22057235",,
rs6806528,/Homo_sapiens/Variation/Phenotype?ph=769;v=rs6806528,,Variant,3:69203748-69203748+,"/Homo_sapiens/Gene/Summary?db=core;g=FRMD4B;ph=769","FRMD4B","FERM domain containing 4B [Source:HGNC Symbol;Acc:HGNC:24886]",https://www.ebi.ac.uk/gwas/search?query=rs6806528,NHGRI-EBI GWAS catalog,,"PMID:20190752","http://europepmc.org/abstract/MED/20190752",,
rs6822844,/Homo_sapiens/Variation/Phenotype?ph=769;v=rs6822844,,Variant,4:122588266-122588266+,"/Homo_sapiens/Gene/Summary?db=core;g=IL2;ph=769/Homo_sapiens/Gene/Summary?db=core;g=ADAD1;ph=769/Homo_sapiens/Gene/Summary?db=core;g=KIAA1109;ph=769/Homo_sapiens/Gene/Summary?db=core;g=IL21;ph=769","IL2ADAD1KIAA1109IL21","interleukin 2 [Source:HGNC Symbol;Acc:HGNC:6001]adenosine deaminase domain containing 1 [Source:HGNC Symbol;Acc:HGNC:30713]KIAA1109 [Source:HGNC Symbol;Acc:HGNC:26953]interleukin 21 [Source:HGNC Symbol;Acc:HGNC:6005]",https://www.ebi.ac.uk/gwas/search?query=rs6822844,NHGRI-EBI GWAS catalog,,"PMID:18311140","http://europepmc.org/abstract/MED/18311140",,
rs6974491,/Homo_sapiens/Variation/Phenotype?ph=769;v=rs6974491,,Variant,7:37334906-37334906+,"/Homo_sapiens/Gene/Summary?db=core;g=ELMO1;ph=769","ELMO1","engulfment and cell motility 1 [Source:HGNC Symbol;Acc:HGNC:16286]",https://www.ebi.ac.uk/gwas/search?query=rs6974491,NHGRI-EBI GWAS catalog,,"PMID:20190752","http://europepmc.org/abstract/MED/20190752",,
rs7104791,/Homo_sapiens/Variation/Phenotype?ph=769;v=rs7104791,,Variant,11:111326133-111326133+,"/Homo_sapiens/Gene/Summary?db=core;g=POU2AF1;ph=769/Homo_sapiens/Gene/Summary?db=core;g=C11orf93;ph=769","POU2AF1C11orf93","POU class 2 homeobox associating factor 1 [Source:HGNC Symbol;Acc:HGNC:9211]colorectal cancer associated 2 [Source:HGNC Symbol;Acc:HGNC:26978]",https://www.ebi.ac.uk/gwas/search?query=rs7104791,NHGRI-EBI GWAS catalog,,"PMID:22057235","http://europepmc.org/abstract/MED/22057235",,
rs72657048,/Homo_sapiens/Variation/Phenotype?ph=769;v=rs72657048,,Variant,1:24963243-24963243+,"/Homo_sapiens/Gene/Summary?db=core;g=RUNX3;ph=769","RUNX3","runt related transcription factor 3 [Source:HGNC Symbol;Acc:HGNC:10473]",https://www.ebi.ac.uk/gwas/search?query=rs72657048,NHGRI-EBI GWAS catalog,,"PMID:22057235","http://europepmc.org/abstract/MED/22057235",,
rs7616215,/Homo_sapiens/Variation/Phenotype?ph=769;v=rs7616215,,Variant,3:46164194-46164194+,"/Homo_sapiens/Gene/Summary?db=core;g=CCR1;ph=769","CCR1","C-C motif chemokine receptor 1 [Source:HGNC Symbol;Acc:HGNC:1602]",https://www.ebi.ac.uk/gwas/search?query=rs7616215,NHGRI-EBI GWAS catalog,,"PMID:22057235","http://europepmc.org/abstract/MED/22057235",,
rs7753008,/Homo_sapiens/Variation/Phenotype?ph=769;v=rs7753008,,Variant,6:90099920-90099920+,"/Homo_sapiens/Gene/Summary?db=core;g=BACH2;ph=769","BACH2","BTB domain and CNC homolog 2 [Source:HGNC Symbol;Acc:HGNC:14078]",https://www.ebi.ac.uk/gwas/search?query=rs7753008,NHGRI-EBI GWAS catalog,,"PMID:22057235","http://europepmc.org/abstract/MED/22057235",,
rs802734,/Homo_sapiens/Variation/Phenotype?ph=769;v=rs802734,,Variant,6:127957653-127957653+,"/Homo_sapiens/Gene/Summary?db=core;g=THEMIS;ph=769/Homo_sapiens/Gene/Summary?db=core;g=PTPRK;ph=769","THEMISPTPRK","thymocyte selection associated [Source:HGNC Symbol;Acc:HGNC:21569]protein tyrosine phosphatase receptor type K [Source:HGNC Symbol;Acc:HGNC:9674]",https://www.ebi.ac.uk/gwas/search?query=rs802734,NHGRI-EBI GWAS catalog,,"PMID:20190752","http://europepmc.org/abstract/MED/20190752",,
rs8081319,/Homo_sapiens/Variation/Phenotype?ph=769;v=rs8081319,,Variant,17:37374139-37374139+,"/Homo_sapiens/Gene/Summary?db=core;g=HOXB9;ph=769","HOXB9","homeobox B9 [Source:HGNC Symbol;Acc:HGNC:5120]",https://www.ebi.ac.uk/gwas/search?query=rs8081319,NHGRI-EBI GWAS catalog,,"PMID:24999842","http://europepmc.org/abstract/MED/24999842",,
rs859637,/Homo_sapiens/Variation/Phenotype?ph=769;v=rs859637,,Variant,1:172741860-172741860+,"/Homo_sapiens/Gene/Summary?db=core;g=TNFSF18;ph=769/Homo_sapiens/Gene/Summary?db=core;g=TNFSF4;ph=769/Homo_sapiens/Gene/Summary?db=core;g=FASLG;ph=769","TNFSF18TNFSF4FASLG","TNF superfamily member 18 [Source:HGNC Symbol;Acc:HGNC:11932]TNF superfamily member 4 [Source:HGNC Symbol;Acc:HGNC:11934]Fas ligand [Source:HGNC Symbol;Acc:HGNC:11936]",https://www.ebi.ac.uk/gwas/search?query=rs859637,NHGRI-EBI GWAS catalog,,"PMID:20190752","http://europepmc.org/abstract/MED/20190752",,
rs864537,/Homo_sapiens/Variation/Phenotype?ph=769;v=rs864537,,Variant,1:167442147-167442147+,"/Homo_sapiens/Gene/Summary?db=core;g=CD247;ph=769","CD247","CD247 molecule [Source:HGNC Symbol;Acc:HGNC:1677]",https://www.ebi.ac.uk/gwas/search?query=rs864537,NHGRI-EBI GWAS catalog,,"PMID:20190752","http://europepmc.org/abstract/MED/20190752",,
rs917997,/Homo_sapiens/Variation/Phenotype?ph=769;v=rs917997,,Variant,2:102454108-102454108+,"/Homo_sapiens/Gene/Summary?db=core;g=IL18R1;ph=769/Homo_sapiens/Gene/Summary?db=core;g=IL1RL1;ph=769/Homo_sapiens/Gene/Summary?db=core;g=IL1RL2;ph=769/Homo_sapiens/Gene/Summary?db=core;g=IL18RAP;ph=769","IL18R1IL1RL1IL1RL2IL18RAP","interleukin 18 receptor 1 [Source:HGNC Symbol;Acc:HGNC:5988]interleukin 1 receptor like 1 [Source:HGNC Symbol;Acc:HGNC:5998]interleukin 1 receptor like 2 [Source:HGNC Symbol;Acc:HGNC:5999]interleukin 18 receptor accessory protein [Source:HGNC Symbol;Acc:HGNC:5989]",https://www.ebi.ac.uk/gwas/search?query=rs917997,NHGRI-EBI GWAS catalog,,"PMID:20190752","http://europepmc.org/abstract/MED/20190752",,
rs9792269,/Homo_sapiens/Variation/Phenotype?ph=769;v=rs9792269,,Variant,8:128252343-128252343+,,,,https://www.ebi.ac.uk/gwas/search?query=rs9792269,NHGRI-EBI GWAS catalog,,"PMID:20190752","http://europepmc.org/abstract/MED/20190752",,
rs990171,/Homo_sapiens/Variation/Phenotype?ph=769;v=rs990171,,Variant,2:102470310-102470310+,"/Homo_sapiens/Gene/Summary?db=core;g=IL18RAP;ph=769","IL18RIL18RAP","interleukin 18 receptor accessory protein [Source:HGNC Symbol;Acc:HGNC:5989]",https://www.ebi.ac.uk/gwas/search?query=rs990171,NHGRI-EBI GWAS catalog,,"PMID:22057235","http://europepmc.org/abstract/MED/22057235",,